Workbook

Sheet Instruções
A1: Registro dos testes com usuários · EbenézerConecta (MVP Semana 10)
A2: Roteiro completo: docs/testes-com-usuarios.md. Versão testada: https://ebenezer-vert.vercel.app
A4: Como preencher
A5: • Preencha apenas as células em amarelo claro. As demais contêm fórmulas ou textos do roteiro.
A6: • Participantes: identifique cada pessoa só por P1, P2, P3 — sem nome, e-mail ou telefone (LGPD).
A7: • Tarefas: Resultado = S (sem ajuda), P (com hesitação relevante ou dica) ou N (não concluiu). Tempo em segundos. SEQ de 1 a 7.
A8: • SUS: notas de 1 (discordo totalmente) a 5 (concordo totalmente) para cada item; a nota final (0–100) é calculada.
A9: • Achados: um problema por linha; severidade de 0 (não é problema) a 4 (catástrofe de uso), escala de Nielsen.
A10: • Resumo: consolida tudo automaticamente e compara com as metas definidas antes dos testes.
A12: Exemplo de preenchimento (fictício, apenas para mostrar o formato)
A13: Tarefas → P1-T3 | Resultado: P | Tempo (s): 95 | SEQ: 5 | Desvios: "procurou o valor em Doação única antes dos planos" | Falas: "achei que R$ 50 era só uma vez"
A14: Achados → A01 | "Participante não distinguiu plano mensal de doação única" | /doar | P1 | 1 | Severidade 3 | "Reforçar /mês no botão e separar visualmente as seções" | Corrigir antes da entrega

Sheet Participantes
A1: ID | B1: Perfil testado | C1: Data da sessão | D1: Formato (presencial/remoto) | E1: Dispositivo e navegador | F1: Já doa para alguma causa? (sim/não/eventualmente) | G1: Consentiu registro de falas | H1: Consentiu gravação de tela | I1: Observações do moderador
A2: P1 | B2: Pessoa que nunca doou e chega por convite | C2: 46300 | D2: Remoto | E2: Safari | F2: Eventualmente | G2: Sim | H2: Não
A3: P2 | B3: Doador recorrente (conta do Eduardo) | C3: 46300 | D3: Remoto | E3: Safari | F3: sim | G3: Sim | H3: Não
A4: P3 | B4: Embaixadora (conta da Renata) | C4: 46300 | D4: Remoto | E4: Safari | F4: não | G4: Sim | H4: Não

Sheet Tarefas
A1: Tarefa | B1: Sessão | C1: User story | D1: Tarefa (resumo) | E1: Critério de sucesso | F1: Resultado (S/P/N) | G1: Tempo (s) | H1: SEQ (1–7) | I1: Desvios e erros observados | J1: Falas relevantes
A2: P1-T1 | B2: P1 | C2: US-05 | D2: Descobrir o que o Instituto faz e quantas crianças foram atendidas no último mês (a partir do link de convite) | E2: Diz o número do indicador e cita um programa | F2: S | G2: 57 | H2: 6
A3: P1-T2 | B3: P1 | C3: US-05 | D3: Criar conta com e-mail fictício | E3: Chega à tela de doação com boas-vindas | F3: S | G3: 212 | H3: 3 | J3: Dados de cadastro não deveriam ser apagados a cada tentativa com falha.
A4: P1-T3 | B4: P1 | C4: US-01 | D4: Fazer contribuição mensal de R$ 50 | E4: Vê "Doação confirmada" com R$ 50,00/mês | F4: S | G4: 12 | H4: 7
A5: P1-T4 | B5: P1 | C5: US-02 | D5: Mostrar onde pausaria a contribuição (sem pausar) | E5: Chega à área de pausa em Gerenciar Recorrência | F5: P | G5: 183 | H5: 6
A6: P2-T1 | B6: P2 | C6: US-02 | D6: Aumentar a contribuição para R$ 150/mês | E6: Histórico mostra R$ 120,00 → R$ 150,00 | F6: P | G6: 62 | H6: 5
A7: P2-T2 | B7: P2 | C7: US-03 | D7: Descobrir o que aconteceu no Reforço Escolar nos últimos dias | E7: Filtra/encontra publicação e resume uma atividade | F7: S | G7: 7 | H7: 7
A8: P2-T3 | B8: P2 | C8: US-04 | D8: Dizer quanto falta para o próximo reconhecimento | E8: Diz "10 meses" (Guardião da Educação) | F8: P | G8: 22 | H8: 5
A9: P2-T4 | B9: P2 | C9: US-04 | D9: Abrir o certificado mais recente e explicar como terceiros confirmam | E9: Abre EC-2026-000148 e aponta a verificação pública | F9: S | G9: 18 | H9: 5
A10: P3-T1 | B10: P3 | C10: US-05 | D10: Dizer quantas pessoas doaram pelo convite e qual rede trouxe mais | E10: Diz 13 e WhatsApp | F10: N | G10: - | H10: 2
A11: P3-T2 | B11: P3 | C11: US-05 | D11: Pegar mensagem pronta para WhatsApp com o link | E11: Copia o texto pronto ou o link | F11: S | G11: 21 | H11: 5
A12: P3-T3 | B12: P3 | C12: US-05 | D12: Preparar convite no LinkedIn (sem publicar) | E12: Escolhe Convite e abre o LinkedIn pela plataforma | F12: S | G12: 11 | H12: 4
A13: P3-T4 | B13: P3 | C13: US-05 | D13: Dizer o próximo reconhecimento de embaixadora e quanto falta | E13: Diz "Mobilizador, faltam 12" | F13: S | G13: 14 | H13: 5

Sheet SUS
A1: # | B1: Afirmação (System Usability Scale) | C1: P1 | D1: P2 | E1: P3
A2: 1 | B2: Eu acho que gostaria de usar este sistema com frequência. | C2: 5 | D2: 5 | E2: 4
A3: 2 | B3: Eu achei o sistema desnecessariamente complexo. | C3: 1 | D3: 2 | E3: 1
A4: 3 | B4: Eu achei o sistema fácil de usar. | C4: 5 | D4: 4 | E4: 5
A5: 4 | B5: Eu acho que precisaria do apoio de um técnico para conseguir usar este sistema. | C5: 1 | D5: 1 | E5: 1
A6: 5 | B6: Eu achei que as várias funções do sistema estão bem integradas. | C6: 5 | D6: 4 | E6: 4
A7: 6 | B7: Eu achei que o sistema apresenta muita inconsistência. | C7: 1 | D7: 1 | E7: 1
A8: 7 | B8: Eu imagino que a maioria das pessoas aprenderia a usar este sistema rapidamente. | C8: 5 | D8: 5 | E8: 5
A9: 8 | B9: Eu achei o sistema muito complicado de usar. | C9: 1 | D9: 1 | E9: 1
A10: 9 | B10: Eu me senti muito confiante usando o sistema. | C10: 5 | D10: 5 | E10: 5
A11: 10 | B11: Eu precisei aprender várias coisas antes de conseguir usar este sistema. | C11: 1 | D11: 1 | E11: 1
B12: Nota SUS (0–100) — itens ímpares: nota − 1; itens pares: 5 − nota; soma × 2,5 | C12: =IF(COUNT(C2:C11)<10,"",((C2-1)+(5-C3)+(C4-1)+(5-C5)+(C6-1)+(5-C7)+(C8-1)+(5-C9)+(C10-1)+(5-C11))*2.5) -> 100 | D12: =IF(COUNT(D2:D11)<10,"",((D2-1)+(5-D3)+(D4-1)+(5-D5)+(D6-1)+(5-D7)+(D8-1)+(5-D9)+(D10-1)+(5-D11))*2.5) -> 92.5 | E12: =IF(COUNT(E2:E11)<10,"",((E2-1)+(5-E3)+(E4-1)+(5-E5)+(E6-1)+(5-E7)+(E8-1)+(5-E9)+(E10-1)+(5-E11))*2.5) -> 95
B13: Média SUS dos participantes com questionário completo | C13: =IF(COUNT(C12:E12)=0,"",AVERAGE(C12:E12)) -> 95.833333

Sheet Achados
A1: ID | B1: Problema observado | C1: Tela / rota | D1: Participantes (ex.: P1, P3) | E1: Nº de participantes | F1: Severidade (0–4) | G1: Recomendação | H1: Decisão | I1: Justificativa da decisão
A2: A01 | B2: Cadastro de novo usuário | C2: Crie Sua Conta | D2: P1 | E2: 1 | F2: 3 | G2: Ajuste de configuração | H2: Corrigir antes da entrega | I2: Simplificar acesso de novo usuário
A3: A02
A4: A03
A5: A04
A6: A05
A7: A06
A8: A07
A9: A08
A10: A09
A11: A10
A12: A11
A13: A12
A14: A13
... A21: A20
B23: Escala de severidade (Nielsen): 0 não é problema · 1 cosmético · 2 menor · 3 maior (prioridade alta) · 4 catástrofe (corrigir antes de lançar)

Sheet Resumo
A1: Resumo dos testes (calculado)
A3: Métrica | B3: Resultado | C3: Meta | D3: Situação | E3: Observação
A4: Tarefas registradas | B4: =COUNTA(Tarefas!$F$2:$F$13) -> 12 | D4: — | E4: De 12 tarefas previstas
A5: Taxa de sucesso sem ajuda (S) | B5: =IF(COUNTA(Tarefas!$F$2:$F$13)=0,"",COUNTIF(Tarefas!$F$2:$F$13,"S")/COUNTA(Tarefas!$F$2:$F$13)) -> 0.66666667 | C5: 0.8 | D5: =IF(B5="","Aguardando",IF(B5>=C5,"Atende","Não atende")) -> Não atende | E5: Sobre as tarefas registradas
A6: Taxa de conclusão (S + P) | B6: =IF(COUNTA(Tarefas!$F$2:$F$13)=0,"",(COUNTIF(Tarefas!$F$2:$F$13,"S")+COUNTIF(Tarefas!$F$2:$F$13,"P"))/COUNTA(Tarefas!$F$2:$F$13)) -> 0.91666667 | D6: — | E6: Inclui conclusões com hesitação ou dica
A7: SEQ médio (1–7) | B7: =IF(COUNT(Tarefas!$H$2:$H$13)=0,"",AVERAGE(Tarefas!$H$2:$H$13)) -> 5 | C7: 5.5 | D7: =IF(B7="","Aguardando",IF(B7>=C7,"Atende","Não atende")) -> Não atende | E7: Single Ease Question após cada tarefa
A8: Tempo médio por tarefa (s) | B8: =IF(COUNT(Tarefas!$G$2:$G$13)=0,"",AVERAGE(Tarefas!$G$2:$G$13)) -> 56.272727 | D8: — | E8: Referência para comparar versões futuras
A9: SUS médio (0–100) | B9: =SUS!$C$13 -> 95.833333 | C9: 68 | D9: =IF(B9="","Aguardando",IF(B9>=C9,"Atende","Não atende")) -> Atende | E9: Média de referência da escala SUS: 68
A10: Achados de severidade 3 ou 4 | B10: =COUNTIF(Achados!$F$2:$F$21,">=3") -> 1 | D10: — | E10: Cada um precisa de decisão registrada
A11: Achados sev. ≥ 3 sem decisão | B11: =COUNTIFS(Achados!$F$2:$F$21,">=3",Achados!$H$2:$H$21,"") -> 0 | C11: 0 | D11: =IF(COUNTA(Achados!$B$2:$B$21)=0,"Aguardando",IF(B11=0,"Atende","Não atende")) -> Atende | E11: Meta: nenhum sem plano
A13: Por sessão | B13: Sucesso (S) | C13: SEQ médio | D13: SUS
A14: P1 | B14: =IF(COUNTIFS(Tarefas!$B$2:$B$13,"P1",Tarefas!$F$2:$F$13,"<>")=0,"",COUNTIFS(Tarefas!$B$2:$B$13,"P1",Tarefas!$F$2:$F$13,"S")/COUNTIFS(Tarefas!$B$2:$B$13,"P1",Tarefas!$F$2:$F$13,"<>")) -> 0.75 | C14: =IF(COUNTIFS(Tarefas!$B$2:$B$13,"P1",Tarefas!$H$2:$H$13,"<>")=0,"",AVERAGEIFS(Tarefas!$H$2:$H$13,Tarefas!$B$2:$B$13,"P1")) -> 5.5 | D14: =SUS!C12 -> 100
A15: P2 | B15: =IF(COUNTIFS(Tarefas!$B$2:$B$13,"P2",Tarefas!$F$2:$F$13,"<>")=0,"",COUNTIFS(Tarefas!$B$2:$B$13,"P2",Tarefas!$F$2:$F$13,"S")/COUNTIFS(Tarefas!$B$2:$B$13,"P2",Tarefas!$F$2:$F$13,"<>")) -> 0.5 | C15: =IF(COUNTIFS(Tarefas!$B$2:$B$13,"P2",Tarefas!$H$2:$H$13,"<>")=0,"",AVERAGEIFS(Tarefas!$H$2:$H$13,Tarefas!$B$2:$B$13,"P2")) -> 5.5 | D15: =SUS!D12 -> 92.5
A16: P3 | B16: =IF(COUNTIFS(Tarefas!$B$2:$B$13,"P3",Tarefas!$F$2:$F$13,"<>")=0,"",COUNTIFS(Tarefas!$B$2:$B$13,"P3",Tarefas!$F$2:$F$13,"S")/COUNTIFS(Tarefas!$B$2:$B$13,"P3",Tarefas!$F$2:$F$13,"<>")) -> 0.75 | C16: =IF(COUNTIFS(Tarefas!$B$2:$B$13,"P3",Tarefas!$H$2:$H$13,"<>")=0,"",AVERAGEIFS(Tarefas!$H$2:$H$13,Tarefas!$B$2:$B$13,"P3")) -> 4 | D16: =SUS!E12 -> 95
A18: Com três participantes os números são indicativos, não estatísticos; o valor principal está nos problemas observados (aba Achados).
